paper_id,title,summary,authors,categories,primary_category,published,updated,abs_url,pdf_url,comment,authors_joined,categories_joined,age_days,summary_chars,text_for_embedding
10.32473/flairs.39.1.141782,An Exploratory Study of Agentic Retrieval Augmented Generation for Mental Health Oriented Language Models,,"['Khoa Pham', 'Jiacheng Li', 'Hassan S. Al Khatib', 'Shahram Rahimi', 'Noorbakhsh Amiri Golilarz', 'Andy Perkins']",[],,2026-05-06,2026-05-06,https://doi.org/10.32473/flairs.39.1.141782,https://journals.flvc.org/FLAIRS/article/download/141782/146987,,"Khoa Pham, Jiacheng Li, Hassan S. Al Khatib, Shahram Rahimi, Noorbakhsh Amiri Golilarz, Andy Perkins",,35,0,"Title: An Exploratory Study of Agentic Retrieval Augmented Generation for Mental Health Oriented Language Models
Authors: Khoa Pham, Jiacheng Li, Hassan S. Al Khatib, Shahram Rahimi, Noorbakhsh Amiri Golilarz, Andy Perkins
Categories: 
Abstract: "
10.55041/isjem07213,Speculative Retrieval-Augmented Generation for Cost-Efficient Large Language Model Inference,"Abstract - This work focuses on the two crucial bottlenecks in Retrieval-Augmented Generation (RAG): high inference latency and expensive computation cost. RAG enhances the factual correctness of Large Language Models (LLMs) by utilizing external knowledge sources; However, the auto-To achieve a good recall, the system applies a two-way retrieval mechanism: Dense retrieval: This module uses BAAI/bge-small-en-v1.5 to create a 384-dimensional embedding space, where queries and documents are mapped. The embeddings are stored in a FAISS IndexFlatL2. Sparse retrieval: This module uses TF-IDF vectorization to capture an exact keyword match. Reranking: A simple heuristic mechanism of matching substrings of the query terms in the documents selected to perform the final step of ranking them for prompt introduce a novel speculative RAG framework that combines hybrid retrieval with speculative decoding. Our framework employs hybrid dense vector search (BGE-small) and sparse keyword search (TF-IDF) for enhanced recall followed by a lightweight re-ranker model. A compact draft model (TinyLlama-1.1B) makes tentative future token generation, then a larger verifier model (Mistral-7B) checks the correctness of the candidate token. Empirical experiments demonstrate 33% and 29% improvement in inference latency and token reduction, respectively, compared to the baseline of a typical 7B model, while retaining 94% accuracy on factoid tasks. Key Words: Retrieval-Augmented Generation, Speculative Decoding, Large Language Models, Inference Optimization, Hybrid Retrieval","['Dr. Sumalatha P', 'Manoj Kumar']",[],,2021-05-07,2026-05-06,https://doi.org/10.55041/isjem07213,,,"Dr. Sumalatha P, Manoj Kumar",,1860,1571,"Title: Speculative Retrieval-Augmented Generation for Cost-Efficient Large Language Model Inference
Authors: Dr. Sumalatha P, Manoj Kumar
Categories: 
Abstract: Abstract - This work focuses on the two crucial bottlenecks in Retrieval-Augmented Generation (RAG): high inference latency and expensive computation cost. RAG enhances the factual correctness of Large Language Models (LLMs) by utilizing external knowledge sources; However, the auto-To achieve a good recall, the system applies a two-way retrieval mechanism: Dense retrieval: This module uses BAAI/bge-small-en-v1.5 to create a 384-dimensional embedding space, where queries and documents are mapped. The embeddings are stored in a FAISS IndexFlatL2. Sparse retrieval: This module uses TF-IDF vectorization to capture an exact keyword match. Reranking: A simple heuristic mechanism of matching substrings of the query terms in the documents selected to perform the final step of ranking them for prompt introduce a novel speculative RAG framework that combines hybrid retrieval with speculative decoding. Our framework employs hybrid dense vector search (BGE-small) and sparse keyword search (TF-IDF) for enhanced recall followed by a lightweight re-ranker model. A compact draft model (TinyLlama-1.1B) makes tentative future token generation, then a larger verifier model (Mistral-7B) checks the correctness of the candidate token. Empirical experiments demonstrate 33% and 29% improvement in inference latency and token reduction, respectively, compared to the baseline of a typical 7B model, while retaining 94% accuracy on factoid tasks. Key Words: Retrieval-Augmented Generation, Speculative Decoding, Large Language Models, Inference Optimization, Hybrid Retrieval"
10.1093/sleep/zsag091.0346,0346 Retrieval ...,"Abstract Introduction While Large Language Models (LLMs) offer generative capabilities, generic models often lack domain-specific grounding, leading to hallucinations in high-stakes contexts. However, LLMs can serve as clinical decision support tools if augmented with specific domain data. This study evaluates the utility of Retrieval-Augmented Generation (RAG) applied to open-source LLMs, utilizing a curated knowledge base of authoritative sleep medicine textbooks, to quantify improvement in performance. Methods We evaluated four open-source models—Llama-70B, Llama-8B, Qwen-14B, and Qwen-235B, linked to a RAG system indexing five standard textbooks, including ICSD-3 TR. Models were tested on sleep board–style MCQs and clinical vignettes diagnostic accuracy. Performance was assessed across nine configurations derived from three factors: RAG pipeline complexity (Plain vs. Complicated), textbook preprocessing (Uncleaned vs. Cleaned/TOC-aligned), and retriever type (Dense-only vs. Hybrid). Metrics included MCQ Accuracy and the rates at which the correct diagnosis appeared as the top result or within the top 5 differential diagnosis lists for vignettes. Results RAG consistently outperformed the no-RAG baseline, yielding absolute performance gains of 5.6%–10.7% for MCQs and 8.1%–10.2% for the top diagnosis in cases across all models. For MCQs, Qwen-235B achieved the highest accuracy of 87.3% (vs. 81.7% baseline) using the Plain RAG configuration with Cleaned (TOC-aligned) Hybrid retrieval. Llama-70B followed with 83.6% in the same configuration. For case vignettes, Qwen-235B achieved a correct top diagnosis rate of 66.3% and a correct diagnosis rate within the top 5 differential diagnosis lists of 90.8% using Cleaned Hybrid retrieval configurations. Hybrid retrieval (Dense + Sparse) consistently surpassed Dense-only methods. Notably, while larger models benefited from Cleaned text, smaller models (e.g., Qwen-14B) achieved higher top diagnosis rates with Uncleaned text (57.1% vs. 51.0%), suggesting a dependency on redundant context in lower-parameter settings. Conclusion RAG significantly enhances knowledge performance of open-source LLMs in sleep medicine. Hybrid retrieval and curated, TOC-aligned knowledge bases yield optimal results for large models, whereas smaller models benefit from the redundancy of uncleaned text. These findings suggest that RAG systems can augment LLMs in domain specific knowledge for clinical decision support. Support (if any)","['Joseph Cheung', 'Pengze Li', 'Anshum Patel', 'SaiKrishna Vallamchetla', 'Het Contractor', 'Hayden Heninger', 'Cui Tao']",[],,2026-05-01,2026-05-09,https://doi.org/10.1093/sleep/zsag091.0346,https://academic.oup.com/sleep/article-pdf/49/Supplement_1/A153/68252775/zsag091.0346.pdf,,"Joseph Cheung, Pengze Li, Anshum Patel, SaiKrishna Vallamchetla, Het Contractor, Hayden Heninger, Cui Tao",,40,2491,"Title: 0346 Retrieval ...
Authors: Joseph Cheung, Pengze Li, Anshum Patel, SaiKrishna Vallamchetla, Het Contractor, Hayden Heninger, Cui Tao
Categories: 
Abstract: Abstract Introduction While Large Language Models (LLMs) offer generative capabilities, generic models often lack domain-specific grounding, leading to hallucinations in high-stakes contexts. However, LLMs can serve as clinical decision support tools if augmented with specific domain data. This study evaluates the utility of Retrieval-Augmented Generation (RAG) applied to open-source LLMs, utilizing a curated knowledge base of authoritative sleep medicine textbooks, to quantify improvement in performance. Methods We evaluated four open-source models—Llama-70B, Llama-8B, Qwen-14B, and Qwen-235B, linked to a RAG system indexing five standard textbooks, including ICSD-3 TR. Models were tested on sleep board–style MCQs and clinical vignettes diagnostic accuracy. Performance was assessed across nine configurations derived from three factors: RAG pipeline complexity (Plain vs. Complicated), textbook preprocessing (Uncleaned vs. Cleaned/TOC-aligned), and retriever type (Dense-only vs. Hybrid). Metrics included MCQ Accuracy and the rates at which the correct diagnosis appeared as the top result or within the top 5 differential diagnosis lists for vignettes. Results RAG consistently outperformed the no-RAG baseline, yielding absolute performance gains of 5.6%–10.7% for MCQs and 8.1%–10.2% for the top diagnosis in cases across all models. For MCQs, Qwen-235B achieved the highest accuracy of 87.3% (vs. 81.7% baseline) using the Plain RAG configuration with Cleaned (TOC-aligned) Hybrid retrieval. Llama-70B followed with 83.6% in the same configuration. For case vignettes, Qwen-235B achieved a correct top diagnosis rate of 66.3% and a correct diagnosis rate within the top 5 differential diagnosis lists of 90.8% using Cleaned Hybrid retrieval configurations. Hybrid retrieval (Dense + Sparse) consistently surpassed Dense-only methods. Notably, while larger models benefited from Cleaned text, smaller models (e.g., Qwen-14B) achieved higher top diagnosis rates with Uncleaned text (57.1% vs. 51.0%), suggesting a dependency on redundant context in lower-parameter settings. Conclusion RAG significantly enhances knowledge performance of open-source LLMs in sleep medicine. Hybrid retrieval and curated, TOC-aligned knowledge bases yield optimal results for large models, whereas smaller models benefit from the redundancy of uncleaned text. These findings suggest that RAG systems can augment LLMs in domain specific knowledge for clinical decision support. Support (if any)"
10.20944/preprints202604.0339.v1,Retrieval-Augme...,,"['Ruotong Wang', 'Nyutian Long', 'Shunqi Liu', 'Yuxi Wang', 'Zhen Qi', 'Huajun Zhang']",[],,2026-04-06,2026-04-07,https://doi.org/10.20944/preprints202604.0339.v1,,,"Ruotong Wang, Nyutian Long, Shunqi Liu, Yuxi Wang, Zhen Qi, Huajun Zhang",,65,0,"Title: Retrieval-Augme...
Authors: Ruotong Wang, Nyutian Long, Shunqi Liu, Yuxi Wang, Zhen Qi, Huajun Zhang
Categories: 
Abstract: "
10.70121/001c.158711,The Role of Retrieval-Augmented Generation in Improving Factual Accuracy for Medical Large Language Models,"NOISE_XYZ Large Language Models (LLMs) that rely solely on parametric memory learned through training have demonstrated strong performance in biomedical question-answering, but their tendency to hallucinate facts and the difficulty of adjusting and adding to the learned knowledge limit their usefulness in clinical settings. Retrieval-Augmented Generation (RAG) has emerged as a promising solution by adding a non-parametric source of memory and grounding LLM outputs to reputable external sources. This paper aims to survey the evolution of RAG methodologies and highlight the most recent developments and shifts in paradigms like Agentic RAG. We highlight current state-of-the-art biomedical RAG systems, the latest evaluation benchmarks, and empirical findings regarding best fine-tuning practices. We also examine technical including lost-in-the-middle effects and scaling behaviour. Ethical concerns surrounding privacy and bias are brought to attention alongside research gaps. Finally, we discuss future directions of RAG in the biomedical field, including integration into Clinical Decision Support systems (CDS).",['Eason Ni'],[],,2026-03-15,2026-03-06,https://doi.org/10.70121/001c.158711,,,Eason Ni,,87,1122,"Title: The Role of Retrieval-Augmented Generation in Improving Factual Accuracy for Medical Large Language Models
Authors: Eason Ni
Categories: 
Abstract: NOISE_XYZ Large Language Models (LLMs) that rely solely on parametric memory learned through training have demonstrated strong performance in biomedical question-answering, but their tendency to hallucinate facts and the difficulty of adjusting and adding to the learned knowledge limit their usefulness in clinical settings. Retrieval-Augmented Generation (RAG) has emerged as a promising solution by adding a non-parametric source of memory and grounding LLM outputs to reputable external sources. This paper aims to survey the evolution of RAG methodologies and highlight the most recent developments and shifts in paradigms like Agentic RAG. We highlight current state-of-the-art biomedical RAG systems, the latest evaluation benchmarks, and empirical findings regarding best fine-tuning practices. We also examine technical including lost-in-the-middle effects and scaling behaviour. Ethical concerns surrounding privacy and bias are brought to attention alongside research gaps. Finally, we discuss future directions of RAG in the biomedical field, including integration into Clinical Decision Support systems (CDS)."
10.7717/peerj-cs.3642,Pioneering agentic retrieval-augmented generation in software quality: a novel framework for code smell detection via dynamic retrieval,"Code smells—subtle indicators of poor design choices—pose significant challenges to software maintainability and readability, particularly in dynamic languages such as Python. Traditional detection methods, including rule-based heuristics and static machine learning classifiers, often suffer from limited adaptability, poor contextual awareness, and lack of explainability. These limitations hinder their effectiveness in evolving codebases and real-world development environments. This study introduces a novel Agentic retrieval-augmented generation (Agentic RAG) framework for code smell detection, marking the first application of agentic reasoning in this domain. By embedding autonomous agents into the retrieval and reasoning pipeline, the proposed system dynamically routes queries, selects optimal retrieval strategies, and synthesizes context-aware explanations using large language models (LLMs). Unlike static classifiers, the proposed framework leverages hybrid retrieval (sparse + dense) and structured prompting to detect and explain Long Method and Large Class smells with high interpretability. Experimental results demonstrate that Agentic RAG—particularly when paired with DeepSeek and chain-of-thought prompting—achieves superior performance, with 89.5% accuracy, a macro F1-score of 78.3%, and a weighted F1 of 88.7%. To assess generalization, Experiment 2 extended the framework to 21 distinct code smell types across multiple programming languages, achieving 94.85% accuracy, a macro F1-score of 90.24%, and a weighted F1-score of 94.93% through stratified five-fold cross-validation, thereby confirming the model’s robustness and scalability. Beyond academic benchmarks, this work lays the foundation for real-world integration into developer platforms, enabling real-time code review, contextual feedback, and actionable refactoring suggestions. By bridging LLMs with dynamic retrieval and agentic reasoning, this framework advances the frontier of intelligent software quality assurance.","['Bushra Aljohani', 'Abdulmajeed Aljuhani']",[],,2026-03-04,2026-03-04,https://doi.org/10.7717/peerj-cs.3642,https://peerj.com/articles/cs-3642.pdf,,"Bushra Aljohani, Abdulmajeed Aljuhani",,98,2013,"Title: Pioneering agentic retrieval-augmented generation in software quality: a novel framework for code smell detection via dynamic retrieval
Authors: Bushra Aljohani, Abdulmajeed Aljuhani
Categories: 
Abstract: Code smells—subtle indicators of poor design choices—pose significant challenges to software maintainability and readability, particularly in dynamic languages such as Python. Traditional detection methods, including rule-based heuristics and static machine learning classifiers, often suffer from limited adaptability, poor contextual awareness, and lack of explainability. These limitations hinder their effectiveness in evolving codebases and real-world development environments. This study introduces a novel Agentic retrieval-augmented generation (Agentic RAG) framework for code smell detection, marking the first application of agentic reasoning in this domain. By embedding autonomous agents into the retrieval and reasoning pipeline, the proposed system dynamically routes queries, selects optimal retrieval strategies, and synthesizes context-aware explanations using large language models (LLMs). Unlike static classifiers, the proposed framework leverages hybrid retrieval (sparse + dense) and structured prompting to detect and explain Long Method and Large Class smells with high interpretability. Experimental results demonstrate that Agentic RAG—particularly when paired with DeepSeek and chain-of-thought prompting—achieves superior performance, with 89.5% accuracy, a macro F1-score of 78.3%, and a weighted F1 of 88.7%. To assess generalization, Experiment 2 extended the framework to 21 distinct code smell types across multiple programming languages, achieving 94.85% accuracy, a macro F1-score of 90.24%, and a weighted F1-score of 94.93% through stratified five-fold cross-validation, thereby confirming the model’s robustness and scalability. Beyond academic benchmarks, this work lays the foundation for real-world integration into developer platforms, enabling real-time code review, contextual feedback, and actionable refactoring suggestions. By bridging LLMs with dynamic retrieval and agentic reasoning, this framework advances the frontier of intelligent software quality assurance."
10.3390/app16052244,Hybrid Retrieval-Augmented Generation: Semantic and Structural Integration for Large Language Model Reasoning,"Recent GraphRAG methods based on knowledge graphs (KGs) primarily rely on either under-reasoning or a structural path-level retriever, which prevents them from jointly capturing fine-grained semantic relevance and explicit multi-hop reasoning paths. This separation often results in semantic mismatch—where logical links are missing—or structural over-constraint in reasoning— where rigid dependencies limit flexible reasoning—thereby degrading both answer accuracy and the reliability of evidence in complex KGQA tasks. To address these issues, we propose HybRAG, a hybrid retrieval framework that synergistically integrates a semantic node-level retriever and structural path-level retriever. HybRAG constructs a hybrid subgraph that jointly reflects the semantic proximity of entities and the relational structures encoded in the KG. Furthermore, we incorporate retrieval-augmented fine-tuning, which enables the model to internalize advanced reasoning strategies for interpreting disparate semantic and structural signals, rather than merely memorizing domain facts. Through extensive experiments on the WebQSP and CWQ benchmarks, we demonstrate that HybRAG effectively bridges the gap between LLM-centric semantic approaches and GNN-centric structural approaches, outperforming single-retriever baselines. Our findings, including detailed sensitivity and ablation analyses, provide empirical evidence that the systematic alignment of semantic and structural signals is essential for ensuring the reasoning reliability and scalability of next-generation GraphRAG systems.","['Hyewon Lee', 'Sungsu Lim']",[],,2026-02-26,2026-02-26,https://doi.org/10.3390/app16052244,,,"Hyewon Lee, Sungsu Lim",,104,1575,"Title: Hybrid Retrieval-Augmented Generation: Semantic and Structural Integration for Large Language Model Reasoning
Authors: Hyewon Lee, Sungsu Lim
Categories: 
Abstract: Recent GraphRAG methods based on knowledge graphs (KGs) primarily rely on either under-reasoning or a structural path-level retriever, which prevents them from jointly capturing fine-grained semantic relevance and explicit multi-hop reasoning paths. This separation often results in semantic mismatch—where logical links are missing—or structural over-constraint in reasoning— where rigid dependencies limit flexible reasoning—thereby degrading both answer accuracy and the reliability of evidence in complex KGQA tasks. To address these issues, we propose HybRAG, a hybrid retrieval framework that synergistically integrates a semantic node-level retriever and structural path-level retriever. HybRAG constructs a hybrid subgraph that jointly reflects the semantic proximity of entities and the relational structures encoded in the KG. Furthermore, we incorporate retrieval-augmented fine-tuning, which enables the model to internalize advanced reasoning strategies for interpreting disparate semantic and structural signals, rather than merely memorizing domain facts. Through extensive experiments on the WebQSP and CWQ benchmarks, we demonstrate that HybRAG effectively bridges the gap between LLM-centric semantic approaches and GNN-centric structural approaches, outperforming single-retriever baselines. Our findings, including detailed sensitivity and ablation analyses, provide empirical evidence that the systematic alignment of semantic and structural signals is essential for ensuring the reasoning reliability and scalability of next-generation GraphRAG systems."
10.35314/3y9hy151,Implementation of Retrieval-Augmented Generation Method on Large Language Model for Development of Campus Service and Information Chatbot,"Large language models have the potential to improve the quality of information services in higher education environments through responsive and natural interactions. However, LLMs are prone to generating answers that are not supported by valid knowledge sources due to knowledge cut-off limitations. This study implements Retrieval-Augmented Generation on LLMs to build an information service chatbot for the Indonesian University of Science and Technology (USTI). RAG is built using a hybrid retrieval mechanism that combines dense retrieval and sparse retrieval (BM25) through reciprocal rank fusion and is equipped with cross-encoder reranking. The knowledge base is compiled from official and public documents obtained through the USTI website. The evaluation was conducted using 13 test queries by comparing several configurations to analyze the contribution of each component. The evaluation results show that the hybrid retrieval configuration produces the best retrieval performance with Precision@3 of 71.7%, Recall@3 of 87.5%, and NDCG@3 of 96.3%. In addition, the application of RAG improved the quality of answers compared to LLM without retrieval, as shown by an increase in BERTScore-F1 from 84.8% to 89.4% and a faithfulness score of 88.8%. These findings indicate that RAG integration improves the relevance of LLM answers to source documents, with the hybrid configuration providing an optimal balance between retrieval quality and faithfulness.","['Muhammad Dzaki Salman', 'Rahmaddeni', 'Torkis Nasution', 'Susanti']",[],,2026-02-26,2026-01-25,https://doi.org/10.35314/3y9hy151,https://jurnal.polbeng.ac.id/index.php/ISI/article/download/1484/655,,"Muhammad Dzaki Salman, Rahmaddeni, Torkis Nasution, Susanti",,104,1462,"Title: Implementation of Retrieval-Augmented Generation Method on Large Language Model for Development of Campus Service and Information Chatbot
Authors: Muhammad Dzaki Salman, Rahmaddeni, Torkis Nasution, Susanti
Categories: 
Abstract: Large language models have the potential to improve the quality of information services in higher education environments through responsive and natural interactions. However, LLMs are prone to generating answers that are not supported by valid knowledge sources due to knowledge cut-off limitations. This study implements Retrieval-Augmented Generation on LLMs to build an information service chatbot for the Indonesian University of Science and Technology (USTI). RAG is built using a hybrid retrieval mechanism that combines dense retrieval and sparse retrieval (BM25) through reciprocal rank fusion and is equipped with cross-encoder reranking. The knowledge base is compiled from official and public documents obtained through the USTI website. The evaluation was conducted using 13 test queries by comparing several configurations to analyze the contribution of each component. The evaluation results show that the hybrid retrieval configuration produces the best retrieval performance with Precision@3 of 71.7%, Recall@3 of 87.5%, and NDCG@3 of 96.3%. In addition, the application of RAG improved the quality of answers compared to LLM without retrieval, as shown by an increase in BERTScore-F1 from 84.8% to 89.4% and a faithfulness score of 88.8%. These findings indicate that RAG integration improves the relevance of LLM answers to source documents, with the hybrid configuration providing an optimal balance between retrieval quality and faithfulness."
10.20944/preprints202602.0996.v1,Clinical Large Language Models with Multi-Stage Instruction Tuning and Advanced Retrieval-Augmented Generation,,"['Donald Martin', 'Blake Bowman']",[],,2026-02-12,2026-02-13,https://doi.org/10.20944/preprints202602.0996.v1,,,"Donald Martin, Blake Bowman",,118,0,"Title: Clinical Large Language Models with Multi-Stage Instruction Tuning and Advanced Retrieval-Augmented Generation
Authors: Donald Martin, Blake Bowman
Categories: 
Abstract: "
10.4081/jae.2026.1908,Empowering farmers with artificial intelligence: a retrieval-augmented generation based large language model advisory framework,"This study presents a retrieval augmented generation (RAG) based system designed to provide farmers with expert agricultural advisory services. The framework delivers context aware guidance on critical practices such as crop cultivation, pest and disease management, fertilizer application, and other agronomic practices, and compares the performance of four large language models (LLMs) in generating these recommendations. The system processes package of practices (PoP) documents for five major crops maize, ragi, sweet potato, cotton, and groundnut through semantic chunking and embedding using Amazon Titan via BedrockEmbeddings. Vector representations are indexed in ChromaDB to enable efficient similarity search for query-relevant content retrieval. Upon receiving user queries, the system retrieves the most semantically similar document chunks and incorporates them into structured prompts. Four LLMs such as Llama3.1, Mistral, Phi3, and Qwen2.5 were evaluated for their effectiveness in generating accurate agricultural recommendations. Performance was evaluated across multiple dimensions. Relevance and retrieval were assessed using precision@K, recall@K, mean reciprocal rank (MRR), and normalized discounted cumulative gain (NDCG). Lexical overlap was measured with the bilingual evaluation understudy (BLEU) and recall-oriented understudy for gisting evaluation (ROUGE-1, ROUGE-2, ROUGE-L) metrics. Semantic quality was analyzed using Bidirectional Encoder Representations from transformers score (BERTScore) precision, recall, F1, semantic similarity and faithfulness to capture contextual alignment between generated and reference responses. Source attribution was assessed through the attribution score, while efficiency was measured using retrieval time, generation time, and total time. Overall, mistral and Qwen2.5 achieved the highest performance, demonstrating superior relevance, semantic quality, and efficiency. This evaluation highlights which LLMs perform best for the agricultural domain and illustrates the potential of knowledge-grounded AI systems to democratize agricultural expertise, particularly in regions with limited access to traditional advisory services.","['Shreeram Sawant', 'Rahul Nair', 'Siddharth Hariharan']",[],,2026-01-27,2026-01-27,https://doi.org/10.4081/jae.2026.1908,https://www.agroengineering.org/jae/article/download/1908/1426,,"Shreeram Sawant, Rahul Nair, Siddharth Hariharan",,134,2197,"Title: Empowering farmers with artificial intelligence: a retrieval-augmented generation based large language model advisory framework
Authors: Shreeram Sawant, Rahul Nair, Siddharth Hariharan
Categories: 
Abstract: This study presents a retrieval augmented generation (RAG) based system designed to provide farmers with expert agricultural advisory services. The framework delivers context aware guidance on critical practices such as crop cultivation, pest and disease management, fertilizer application, and other agronomic practices, and compares the performance of four large language models (LLMs) in generating these recommendations. The system processes package of practices (PoP) documents for five major crops maize, ragi, sweet potato, cotton, and groundnut through semantic chunking and embedding using Amazon Titan via BedrockEmbeddings. Vector representations are indexed in ChromaDB to enable efficient similarity search for query-relevant content retrieval. Upon receiving user queries, the system retrieves the most semantically similar document chunks and incorporates them into structured prompts. Four LLMs such as Llama3.1, Mistral, Phi3, and Qwen2.5 were evaluated for their effectiveness in generating accurate agricultural recommendations. Performance was evaluated across multiple dimensions. Relevance and retrieval were assessed using precision@K, recall@K, mean reciprocal rank (MRR), and normalized discounted cumulative gain (NDCG). Lexical overlap was measured with the bilingual evaluation understudy (BLEU) and recall-oriented understudy for gisting evaluation (ROUGE-1, ROUGE-2, ROUGE-L) metrics. Semantic quality was analyzed using Bidirectional Encoder Representations from transformers score (BERTScore) precision, recall, F1, semantic similarity and faithfulness to capture contextual alignment between generated and reference responses. Source attribution was assessed through the attribution score, while efficiency was measured using retrieval time, generation time, and total time. Overall, mistral and Qwen2.5 achieved the highest performance, demonstrating superior relevance, semantic quality, and efficiency. This evaluation highlights which LLMs perform best for the agricultural domain and illustrates the potential of knowledge-grounded AI systems to democratize agricultural expertise, particularly in regions with limited access to traditional advisory services."
10.64898/2026.01.24.26344477,A retrieval-augmented generation large language model framework for accurate dementia identification from electronic health records,"NOISE_XYZ Abstract Objective Accurate and scalable dementia phenotyping from electronic health records (EHRs) is foundational for population-level research, risk prediction, and learning health system interventions. Traditional rule- and keyword-based approaches are limited by inconsistent documentation and inability to capture clinical nuance. We aim to develop and evaluate a framework that leverages large language models (LLMs) with retrieval-augmented generation (RAG) to overcome these limitations and improve dementia identification from real-world EHR data. Methods Using EHR data from the Mass General Brigham health system, we first assembled a cohort of adults with potential dementia based on diagnosis codes, problem lists, dementia-related medications, and free-text note mentions. A subset of candidate cases underwent detailed manual chart review to assign gold-standard dementia status. With this labeled sample, we implemented and compared three approaches for dementia ascertainment: (1) a rule-based classifier leveraging structured EHR data, (2) large language models (LLMs) applied to keyword-filtered clinical note excerpts, and (3) a RAG-based LLM framework that integrates retrieved, context-rich note snippets. Within each approach, we evaluated multiple configurations of embedding models, retrieval methods, LLMs, structured-data inclusion, and prompts to identify the best-performing classifier. Performance was assessed using standard classification metrics, including sensitivity, specificity, positive predictive value (PPV), and F1 score, and supplemented by qualitative error analyses to characterize common sources of false positives and false negatives across methods. Results The RAG-based classifier achieved the highest performance (F1=0.933, sensitivity=91.1%, PPV=95.5%) compared to rule-based (F1=0.823, sensitivity=81.1%, PPV=83.5%) and keyword-filtered LLM (F1=0.903, sensitivity=91.7%, PPV=88.6%). Including ICD codes alongside free text in the RAG-based LLM pipeline significantly reduced the PPV and modestly decreased F-1 score. Error analysis revealed that structured-code dependence contributed to false positives, whereas unrecognized contextual cues in notes drove false negatives. Conclusion A RAG-based LLM pipeline without structured ICD codes improved dementia ascertainment from EHR data compared with ICD-based rules and keyword-based filtering. This approach can enhance dementia case identification and support patient care, predictive modeling and risk analysis.","['Liqin Wang', 'Baoren Liu', 'Richard Yang', 'Ya-Wen Chuang', 'Hossein Estiri', 'Shawn Murphy', 'Li Zhou', 'Gad A. Marshall']",[],,2026-01-25,2026-01-26,https://doi.org/10.64898/2026.01.24.26344477,,,"Liqin Wang, Baoren Liu, Richard Yang, Ya-Wen Chuang, Hossein Estiri, Shawn Murphy, Li Zhou, Gad A. Marshall",,136,2525,"Title: A retrieval-augmented generation large language model framework for accurate dementia identification from electronic health records
Authors: Liqin Wang, Baoren Liu, Richard Yang, Ya-Wen Chuang, Hossein Estiri, Shawn Murphy, Li Zhou, Gad A. Marshall
Categories: 
Abstract: NOISE_XYZ Abstract Objective Accurate and scalable dementia phenotyping from electronic health records (EHRs) is foundational for population-level research, risk prediction, and learning health system interventions. Traditional rule- and keyword-based approaches are limited by inconsistent documentation and inability to capture clinical nuance. We aim to develop and evaluate a framework that leverages large language models (LLMs) with retrieval-augmented generation (RAG) to overcome these limitations and improve dementia identification from real-world EHR data. Methods Using EHR data from the Mass General Brigham health system, we first assembled a cohort of adults with potential dementia based on diagnosis codes, problem lists, dementia-related medications, and free-text note mentions. A subset of candidate cases underwent detailed manual chart review to assign gold-standard dementia status. With this labeled sample, we implemented and compared three approaches for dementia ascertainment: (1) a rule-based classifier leveraging structured EHR data, (2) large language models (LLMs) applied to keyword-filtered clinical note excerpts, and (3) a RAG-based LLM framework that integrates retrieved, context-rich note snippets. Within each approach, we evaluated multiple configurations of embedding models, retrieval methods, LLMs, structured-data inclusion, and prompts to identify the best-performing classifier. Performance was assessed using standard classification metrics, including sensitivity, specificity, positive predictive value (PPV), and F1 score, and supplemented by qualitative error analyses to characterize common sources of false positives and false negatives across methods. Results The RAG-based classifier achieved the highest performance (F1=0.933, sensitivity=91.1%, PPV=95.5%) compared to rule-based (F1=0.823, sensitivity=81.1%, PPV=83.5%) and keyword-filtered LLM (F1=0.903, sensitivity=91.7%, PPV=88.6%). Including ICD codes alongside free text in the RAG-based LLM pipeline significantly reduced the PPV and modestly decreased F-1 score. Error analysis revealed that structured-code dependence contributed to false positives, whereas unrecognized contextual cues in notes drove false negatives. Conclusion A RAG-based LLM pipeline without structured ICD codes improved dementia ascertainment from EHR data compared with ICD-based rules and keyword-based filtering. This approach can enhance dementia case identification and support patient care, predictive modeling and risk analysis."
10.2139/ssrn.6271858,"Agentic AI, Retrieval-Augmented Generation, and the Institutional Turn: Legal Architectures and Financial Governance in the Age of Distributional AGI","The proliferation of agentic artificial intelligence systems-characterized by autonomous goal-seeking, tool use, and multi-agent coordination-presents unprecedented challenges to existing legal and financial regulatory frameworks. While traditional AI governance has focused on model-level alignment through training-time interventions such as Reinforcement Learning from Human Feedback (RLHF), the deployment of large language models (LLMs) as persistent agents embedded within socio-technical systems necessitates a paradigm shift toward institutional governance structures. This paper examines the intersection of agentic AI, Retrieval-Augmented Generation (RAG), and their implications for legal accountability and financial market integrity. Through a comprehensive analysis of the Institutional AI framework proposed by Pierucci et al. [1], we argue that alignment must be reconceptualized as a mechanism design problem involving runtime governance graphs, sanction functions, and observable behavioral constraints rather than internalized constitutional values. We address the critical deficit identified by LeCun regarding the absence of world models in current agents, demonstrating how RAG architectures function as externalized epistemic infrastructure that grounds agentic cognition in verifiable data repositories. The paper subsequently interrogates the legal implications of these systems under the European Union's Artificial Intelligence Act (EU AI Act) and the regulatory thresholds established by the Financial Conduct Authority (FCA) and European Central Bank (ECB), proposing justified compliance boundaries for high-risk financial applications. Furthermore, we acknowledge significant governance gaps within Decentralized Finance (DeFi) protocols where institutional oversight mechanisms face structural limitations. By synthesizing technical insights from multi-agent systems, constitutional AI limitations, and offensive security frameworks, this work advances a jurisprudential foundation for agentic AI that prioritizes defensible audit trails, incentive-compatible compliance, and systemic stability over opaque internal alignment guarantees. The analysis concludes that the future of AI governance lies not in perfecting isolated model behavior, but in architecting institutional environments where compliant behavior emerges as the dominant strategy through carefully calibrated payoff landscapes.",['Marcel Osmond'],[],,2026-01-01,2026-04-10,https://doi.org/10.2139/ssrn.6271858,,,Marcel Osmond,,160,2426,"Title: Agentic AI, Retrieval-Augmented Generation, and the Institutional Turn: Legal Architectures and Financial Governance in the Age of Distributional AGI
Authors: Marcel Osmond
Categories: 
Abstract: The proliferation of agentic artificial intelligence systems-characterized by autonomous goal-seeking, tool use, and multi-agent coordination-presents unprecedented challenges to existing legal and financial regulatory frameworks. While traditional AI governance has focused on model-level alignment through training-time interventions such as Reinforcement Learning from Human Feedback (RLHF), the deployment of large language models (LLMs) as persistent agents embedded within socio-technical systems necessitates a paradigm shift toward institutional governance structures. This paper examines the intersection of agentic AI, Retrieval-Augmented Generation (RAG), and their implications for legal accountability and financial market integrity. Through a comprehensive analysis of the Institutional AI framework proposed by Pierucci et al. [1], we argue that alignment must be reconceptualized as a mechanism design problem involving runtime governance graphs, sanction functions, and observable behavioral constraints rather than internalized constitutional values. We address the critical deficit identified by LeCun regarding the absence of world models in current agents, demonstrating how RAG architectures function as externalized epistemic infrastructure that grounds agentic cognition in verifiable data repositories. The paper subsequently interrogates the legal implications of these systems under the European Union's Artificial Intelligence Act (EU AI Act) and the regulatory thresholds established by the Financial Conduct Authority (FCA) and European Central Bank (ECB), proposing justified compliance boundaries for high-risk financial applications. Furthermore, we acknowledge significant governance gaps within Decentralized Finance (DeFi) protocols where institutional oversight mechanisms face structural limitations. By synthesizing technical insights from multi-agent systems, constitutional AI limitations, and offensive security frameworks, this work advances a jurisprudential foundation for agentic AI that prioritizes defensible audit trails, incentive-compatible compliance, and systemic stability over opaque internal alignment guarantees. The analysis concludes that the future of AI governance lies not in perfecting isolated model behavior, but in architecting institutional environments where compliant behavior emerges as the dominant strategy through carefully calibrated payoff landscapes."
10.1051/e3sconf/202668908004,A large language model-based framework with retrieval-augmented generation for automated building energy modeling,"Building energy models (BEMs) are crucial for design and analysis but often require considerable time and expertise due to reliance on specialized software and manual configuration. To address these challenges, this study proposes a framework based on large language model (LLM) with retrieval-augmented generation for automating building energy modeling. The proposed framework leverages the advanced natural language processing capabilities of LLM to parse user inputs expressed in natural language. Historical BEMs that match these requirements are retrieved from a feature database, providing reference data to the LLM to enhance the accuracy and adaptability of the generated results. This approach enables the rapid construction of BEMs tailored to user specifications. Experimental results demonstrate that the modeling time is reduced from several hours, which is typical of traditional manual methods, to just a few minutes, resulting in a significant improvement in efficiency. Furthermore, the accuracy of the load simulations is highly consistent with the results from manual modeling, confirming the reliability of this method in real-world applications. This framework offers an efficient and intelligent solution for building energy analysis and simulation, highlighting the substantial potential of large language model in advancing building simulation and performance modeling.","['Yake Zhang', 'Peng Xu']",[],,2026-01-01,2026-01-21,https://doi.org/10.1051/e3sconf/202668908004,,,"Yake Zhang, Peng Xu",,160,1394,"Title: A large language model-based framework with retrieval-augmented generation for automated building energy modeling
Authors: Yake Zhang, Peng Xu
Categories: 
Abstract: Building energy models (BEMs) are crucial for design and analysis but often require considerable time and expertise due to reliance on specialized software and manual configuration. To address these challenges, this study proposes a framework based on large language model (LLM) with retrieval-augmented generation for automating building energy modeling. The proposed framework leverages the advanced natural language processing capabilities of LLM to parse user inputs expressed in natural language. Historical BEMs that match these requirements are retrieved from a feature database, providing reference data to the LLM to enhance the accuracy and adaptability of the generated results. This approach enables the rapid construction of BEMs tailored to user specifications. Experimental results demonstrate that the modeling time is reduced from several hours, which is typical of traditional manual methods, to just a few minutes, resulting in a significant improvement in efficiency. Furthermore, the accuracy of the load simulations is highly consistent with the results from manual modeling, confirming the reliability of this method in real-world applications. This framework offers an efficient and intelligent solution for building energy analysis and simulation, highlighting the substantial potential of large language model in advancing building simulation and performance modeling."
10.2139/ssrn.6713979,A Survey of Agentic GraphRAG: From Retrieval-augmented Generation to Graph-native Agents,"&lt;div&gt; This survey provides a comprehensive analysis of Agentic GraphRAG, an emerging paradigm that integrates Graph-based Retrieval-Augmented Generation (RAG) with Agentic RAG.&amp;nbsp;&lt;span&gt;While large language models know a lot, their knowledge is frozen at training time and they often suffer from hallucinations. RAG is the standard workaround: before the model answers, fetch relevant text from an external corpus and generate response based on the it. Two lines of work have pushed RAG in different directions: (1) GraphRAG changes what the model retrieves from: instead of a pile of text chunks indexed by similarity, it builds a knowledge graph of entities and their relations, summarizes densely connected regions, and retrieves over that. (2) Agentic RAG changes how retrieval happens: moving beyond one shot generation based on user query, an agent plans, acts, critiques its own work, keeps memory across steps, and then retrieves multiple times as needed. Recent work combines the two, with Karpathy's LLM Wiki as a salient example of non-tech-savvy solutions. The agent's planning, acting, critiquing, and remembering all operate over graph operations. The graph stops being a passive lookup table and becomes the space the agent moves through. This survey treats such combination as a research area in its own right. We organize recent primary papers on a 4x3 grid (four agent roles vs. three graph operations) grounded in a central observation: pure GraphRAG and standalone Agentic RAG each possess recurring failure modes, and the combination of the two paradigms can effectively mitigate these. The body of the survey covers seven method families that populate the grid: single-agent iterative traversal, self-evolving GraphRAG, RL-trained graph walkers, multi-agent graph systems, agentic graph construction, persistent graph memory, and hybrid structured–unstructured retrieval. Three application areas ground the discussion: medicine, legal reasoning, and cyber threat intelligence. Furthermore, recent papers reach directly opposing conclusions about whether graphs are still needed once an agent is in the loop. We trace where the disagreement comes from, and discuss evaluation protocols that jointly score agent trajectories and retrievals, alongside the adversarial robustness of agent–graph systems.&lt;/span&gt; &lt;/div&gt;","['Zihan Chen', 'Lei Zheng', 'Di Zhu']",[],,2021-01-02,2026-05-12,https://doi.org/10.2139/ssrn.6713979,,,"Zihan Chen, Lei Zheng, Di Zhu",,1985,2365,"Title: A Survey of Agentic GraphRAG: From Retrieval-augmented Generation to Graph-native Agents
Authors: Zihan Chen, Lei Zheng, Di Zhu
Categories: 
Abstract: &lt;div&gt; This survey provides a comprehensive analysis of Agentic GraphRAG, an emerging paradigm that integrates Graph-based Retrieval-Augmented Generation (RAG) with Agentic RAG.&amp;nbsp;&lt;span&gt;While large language models know a lot, their knowledge is frozen at training time and they often suffer from hallucinations. RAG is the standard workaround: before the model answers, fetch relevant text from an external corpus and generate response based on the it. Two lines of work have pushed RAG in different directions: (1) GraphRAG changes what the model retrieves from: instead of a pile of text chunks indexed by similarity, it builds a knowledge graph of entities and their relations, summarizes densely connected regions, and retrieves over that. (2) Agentic RAG changes how retrieval happens: moving beyond one shot generation based on user query, an agent plans, acts, critiques its own work, keeps memory across steps, and then retrieves multiple times as needed. Recent work combines the two, with Karpathy's LLM Wiki as a salient example of non-tech-savvy solutions. The agent's planning, acting, critiquing, and remembering all operate over graph operations. The graph stops being a passive lookup table and becomes the space the agent moves through. This survey treats such combination as a research area in its own right. We organize recent primary papers on a 4x3 grid (four agent roles vs. three graph operations) grounded in a central observation: pure GraphRAG and standalone Agentic RAG each possess recurring failure modes, and the combination of the two paradigms can effectively mitigate these. The body of the survey covers seven method families that populate the grid: single-agent iterative traversal, self-evolving GraphRAG, RL-trained graph walkers, multi-agent graph systems, agentic graph construction, persistent graph memory, and hybrid structured–unstructured retrieval. Three application areas ground the discussion: medicine, legal reasoning, and cyber threat intelligence. Furthermore, recent papers reach directly opposing conclusions about whether graphs are still needed once an agent is in the loop. We trace where the disagreement comes from, and discuss evaluation protocols that jointly score agent trajectories and retrievals, alongside the adversarial robustness of agent–graph systems.&lt;/span&gt; &lt;/div&gt;"
10.2139/ssrn.6741395,Patch-Aware Retrieval-Augmented Generation for Large Language Model Decision Support in Transportation Infrastructure Delivery,"Transportation infrastructure agencies rely on large, frequently updated specification documents to support materials acceptance, contract administration, and construction compliance. However, after the base specifications are published, agencies may issue official amendment bulletins that revise, replace, or remove selected subsections. Conventional large language model (LLM) systems with retrieval-augmented generation (RAG) can retrieve relevant base text, but may overlook these amendments, producing answers that appear correct while being contractually outdated. This study proposes DS-TID — Decision Support for Transportation Infrastructure Delivery — an amendment-aware RAG framework for LLM-based decision support in transportation construction specifications. DS-TID instantiates a Patch-Aware RAG architectural pattern in which a stable base specification index is augmented at retrieval time by a section-identifier-keyed amendment registry. When a retrieved base section is affected by an active bulletin, the corresponding amendment is deterministically injected into the LLM prompt as authoritative evidence, together with change-type and effective-date metadata. This design preserves the stability of the base index and avoids re-embedding the full corpus whenever new bulletins are issued. The framework also integrates hierarchy-preserving chunking, row-level table evidence units, adaptive dense–lexical retrieval fusion, citation-constrained generation, and conservative abstention. We implement DS-TID using the Standard Specifications for Road and Bridge Construction, the Division Construction and Materials Material Procedures, and active Baseline Document Change (BDC) bulletins. On a 100-query expert-annotated benchmark, the system achieves 0.90 end-to-end accuracy and correctly abstains on all out-of-scope queries in the tested partition. On a 14-question practitioner-grade benchmark, it reaches 94% aggregate response-quality accuracy, with clear gains over baseline RAG systems and commercial-chatbot baselines. The results show that reliable LLM decision support for transportation infrastructure delivery requires not only semantic retrieval, but also up-to-date amendments, preserved document structure, and clear refusal to answer when the evidence is insufficient.","['Dan Liu', 'Hao Wang', 'Hao  Frank Yang', 'Maria Santo', 'Bin Hu', 'Giri Venkiteela']",[],,2026-01-01,2026-05-10,https://doi.org/10.2139/ssrn.6741395,,,"Dan Liu, Hao Wang, Hao  Frank Yang, Maria Santo, Bin Hu, Giri Venkiteela",,160,2307,"Title: Patch-Aware Retrieval-Augmented Generation for Large Language Model Decision Support in Transportation Infrastructure Delivery
Authors: Dan Liu, Hao Wang, Hao  Frank Yang, Maria Santo, Bin Hu, Giri Venkiteela
Categories: 
Abstract: Transportation infrastructure agencies rely on large, frequently updated specification documents to support materials acceptance, contract administration, and construction compliance. However, after the base specifications are published, agencies may issue official amendment bulletins that revise, replace, or remove selected subsections. Conventional large language model (LLM) systems with retrieval-augmented generation (RAG) can retrieve relevant base text, but may overlook these amendments, producing answers that appear correct while being contractually outdated. This study proposes DS-TID — Decision Support for Transportation Infrastructure Delivery — an amendment-aware RAG framework for LLM-based decision support in transportation construction specifications. DS-TID instantiates a Patch-Aware RAG architectural pattern in which a stable base specification index is augmented at retrieval time by a section-identifier-keyed amendment registry. When a retrieved base section is affected by an active bulletin, the corresponding amendment is deterministically injected into the LLM prompt as authoritative evidence, together with change-type and effective-date metadata. This design preserves the stability of the base index and avoids re-embedding the full corpus whenever new bulletins are issued. The framework also integrates hierarchy-preserving chunking, row-level table evidence units, adaptive dense–lexical retrieval fusion, citation-constrained generation, and conservative abstention. We implement DS-TID using the Standard Specifications for Road and Bridge Construction, the Division Construction and Materials Material Procedures, and active Baseline Document Change (BDC) bulletins. On a 100-query expert-annotated benchmark, the system achieves 0.90 end-to-end accuracy and correctly abstains on all out-of-scope queries in the tested partition. On a 14-question practitioner-grade benchmark, it reaches 94% aggregate response-quality accuracy, with clear gains over baseline RAG systems and commercial-chatbot baselines. The results show that reliable LLM decision support for transportation infrastructure delivery requires not only semantic retrieval, but also up-to-date amendments, preserved document structure, and clear refusal to answer when the evidence is insufficient."
10.2139/ssrn.6386988,Agentic Retrieval-Augmented Generation Systems for Medical Decision Support: A Comprehensive Survey,"The introduction of Agentic Retrieval-Augmented Generation Technology is a breakthrough in the field of Medical Artificial Intelligence, allowing autonomous agents to coordinate complex clinical workflows, integrate evidence into the patient’s care cycle, and supply decision-making support to health care professionals and patients. In this manuscript, we will offer a comprehensive analysis of the architectures of Agentic RAG technology and its numerous applications and approaches within healthcare. More specifically, we will systematically evaluate the various types of multi-agentic systems that may be employed for specific professional and clinical tasks, such as diagnostic reasoning, medical question answering, report generation, drug discovery, and optimizing overall healthcare delivery. Aspects of the technical architecture that will be addressed in this review are the integration of knowledge graphs to represent knowledge, multi-modal reasoning capabilities, mechanisms to support adherence to clinical guidelines, and creation of interpretable decision-making frameworks. In addition to these key technological developments, the author will also address a variety of challenges encountered when developing agentic RAG systems, including clinical validation, collaboration between health care providers and AI, ethical issues, and deploying agentic RAG technology in health care settings that have limited resources. Lastly, this review provides an overarching conceptual framework for understanding how agentic RAG technology can assist in supporting physicians, nursing staff, health care personnel, and patients with a variety of tasks across multiple disciplines, while also supporting many of the key safety, privacy, and responsible considerations related to AI in health care. This review identifies architecturally based patterns in medical agentic systems.","['Venkitesh  S. Anand', 'Akhil V. V.']",[],,2026-01-01,2026-03-13,https://doi.org/10.2139/ssrn.6386988,,,"Venkitesh  S. Anand, Akhil V. V.",,160,1884,"Title: Agentic Retrieval-Augmented Generation Systems for Medical Decision Support: A Comprehensive Survey
Authors: Venkitesh  S. Anand, Akhil V. V.
Categories: 
Abstract: The introduction of Agentic Retrieval-Augmented Generation Technology is a breakthrough in the field of Medical Artificial Intelligence, allowing autonomous agents to coordinate complex clinical workflows, integrate evidence into the patient’s care cycle, and supply decision-making support to health care professionals and patients. In this manuscript, we will offer a comprehensive analysis of the architectures of Agentic RAG technology and its numerous applications and approaches within healthcare. More specifically, we will systematically evaluate the various types of multi-agentic systems that may be employed for specific professional and clinical tasks, such as diagnostic reasoning, medical question answering, report generation, drug discovery, and optimizing overall healthcare delivery. Aspects of the technical architecture that will be addressed in this review are the integration of knowledge graphs to represent knowledge, multi-modal reasoning capabilities, mechanisms to support adherence to clinical guidelines, and creation of interpretable decision-making frameworks. In addition to these key technological developments, the author will also address a variety of challenges encountered when developing agentic RAG systems, including clinical validation, collaboration between health care providers and AI, ethical issues, and deploying agentic RAG technology in health care settings that have limited resources. Lastly, this review provides an overarching conceptual framework for understanding how agentic RAG technology can assist in supporting physicians, nursing staff, health care personnel, and patients with a variety of tasks across multiple disciplines, while also supporting many of the key safety, privacy, and responsible considerations related to AI in health care. This review identifies architecturally based patterns in medical agentic systems."
10.2139/ssrn.6756498,Industrial Multi-AI Agent Collaborative System based on Large-Small Model Fusion and Retrieval-Augmented Generation,"With the rapid advancement of intelligent manufacturing, industrial systems generate vast amounts of unstructured data, yet face significant challenges in data utilization, knowledge retrieval accuracy, decision-making efficiency, and human-machine collaboration. To address these issues, this paper proposes a large-small model fusion and retrieval-augmented generation based industrial multi-AI agent collaborative system (IMACS). First, a RAG-driven data governance pipeline is introduced, featuring IndDocMaster (a high-precision unstructured data parsing model) enabling end-to-end document understanding through multi-source fusion and a data flywheel mechanism, significantly enhancing knowledge extraction quality. Second, a hierarchical agent architecture from L1 to L4 is designed, achieving cognitive-execution synergy via large-model orchestration and small-model execution. Finally, an Agent-Human-Cyber-Physical System (A-HCPS) framework is established to enable autonomous, collaborative decision-making. Experimental results show that the proposed system outperforms existing methods in industrial data parsing, knowledge retrieval, and near-expert-level maintenance decision-making with over 60% faster response, demonstrating its effectiveness in advancing industrial intelligence.","['Xiao Lai', 'Han Wang', 'Min Liu', 'Li Bai']",[],,2026-01-01,2026-05-13,https://doi.org/10.2139/ssrn.6756498,,,"Xiao Lai, Han Wang, Min Liu, Li Bai",,160,1299,"Title: Industrial Multi-AI Agent Collaborative System based on Large-Small Model Fusion and Retrieval-Augmented Generation
Authors: Xiao Lai, Han Wang, Min Liu, Li Bai
Categories: 
Abstract: With the rapid advancement of intelligent manufacturing, industrial systems generate vast amounts of unstructured data, yet face significant challenges in data utilization, knowledge retrieval accuracy, decision-making efficiency, and human-machine collaboration. To address these issues, this paper proposes a large-small model fusion and retrieval-augmented generation based industrial multi-AI agent collaborative system (IMACS). First, a RAG-driven data governance pipeline is introduced, featuring IndDocMaster (a high-precision unstructured data parsing model) enabling end-to-end document understanding through multi-source fusion and a data flywheel mechanism, significantly enhancing knowledge extraction quality. Second, a hierarchical agent architecture from L1 to L4 is designed, achieving cognitive-execution synergy via large-model orchestration and small-model execution. Finally, an Agent-Human-Cyber-Physical System (A-HCPS) framework is established to enable autonomous, collaborative decision-making. Experimental results show that the proposed system outperforms existing methods in industrial data parsing, knowledge retrieval, and near-expert-level maintenance decision-making with over 60% faster response, demonstrating its effectiveness in advancing industrial intelligence."
10.2139/ssrn.6761739,AI-Powered Smar...,"An AI-powered smart advisory system for Precision Agriculture leveraging Large Language Models and Retrieval-Augmented Generation is presented in this paper. The proposed framework generates personalized, contextual, and explainable agricultural recommendations based on farmers' queries as well as soil characteristics, weather conditions, crop information and agricultural domain-specific knowledge. A retrieval augmented generation approach is employed to gather the relevant agricultural information prior to generating advisory responses, thus preventing any hallucinations or out-of-date recommendations. Publicly available agricultural datasets have been used in this study such as crop recommendation dataset which contains soil and environment parameters, NASA POWER weather data, and information about plant diseases in the PlantVillage dataset. The effectiveness of the proposed RAG-Large Language Model based system is compared to a simple Large Language Model advisory system and to the rule-based recommendation systems in terms of accuracy, relevance of advice provided, precision of retrieval, explainability of the advice provided, and response latency.",['Jahnavi Bellapukonda'],[],,2026-01-01,2026-05-20,https://doi.org/10.2139/ssrn.6761739,,,Jahnavi Bellapukonda,,160,1170,"Title: AI-Powered Smar...
Authors: Jahnavi Bellapukonda
Categories: 
Abstract: An AI-powered smart advisory system for Precision Agriculture leveraging Large Language Models and Retrieval-Augmented Generation is presented in this paper. The proposed framework generates personalized, contextual, and explainable agricultural recommendations based on farmers' queries as well as soil characteristics, weather conditions, crop information and agricultural domain-specific knowledge. A retrieval augmented generation approach is employed to gather the relevant agricultural information prior to generating advisory responses, thus preventing any hallucinations or out-of-date recommendations. Publicly available agricultural datasets have been used in this study such as crop recommendation dataset which contains soil and environment parameters, NASA POWER weather data, and information about plant diseases in the PlantVillage dataset. The effectiveness of the proposed RAG-Large Language Model based system is compared to a simple Large Language Model advisory system and to the rule-based recommendation systems in terms of accuracy, relevance of advice provided, precision of retrieval, explainability of the advice provided, and response latency."
10.36085/jsai.v9i1.9632,Metode Retrieval-Augmented Generation dalam Pengembangan Chatbot Large Language Model pada Service Informasi Publik Disdukcapil Anambas Retrieval-Augmented Generation Method in the Development of Large Language Model Chatbots for the Anambas Civil Registry Public Information Service,"Layanan administrasi kependudukan di Kabupaten Kepulauan Anambas menghadapi tantangan besar terkait keterbatasan akses informasi yang disebabkan oleh kondisi geografis. Informasi layanan pada website resmi Disdukcapil yang bersifat pasif seringkali menyulitkan masyarakat untuk memperoleh jawaban yang cepat dan relevan. Kondisi ini berakibat pada penumpukan antrean layanan dan berpotensi menurunkan kepuasan publik. Sebagai solusi, sebuah aplikasi chatbot cerdas berbasis Large Language Model (LLM) dengan pendekatan Retrieval-Augmented Generation (RAG) telah dikembangkan. Metode ini secara efektif menggabungkan kemampuan pencarian informasi presisi dari basis data dokumen dengan kemampuan LLM dalam memahami bahasa alami untuk menghasilkan jawaban kontekstual. Proses pengembangan sistem ini dilakukan menggunakan framework LangChain, vector store ChromaDB, dan diintegrasikan ke antarmuka web sebagai frontend. Informasi layanan resmi Disdukcapil diproses melalui tahapan chunking, embedding, hingga pembuatan pipeline RAG. Hasil penelitian menunjukkan bahwa chatbot mampu merespons pertanyaan layanan kependudukan secara akurat dan efisien. Berdasarkan evaluasi menggunakan metrik BERTScore, sistem memperoleh rata-rata skor Precision sebesar 98,5%, Recall sebesar 99,1%, dan F1-Score sebesar 98,8%. Sistem ini dapat diakses dari mana saja, sangat membantu masyarakat di wilayah terpencil, dan menjadi prototipe awal yang potensial untuk mendukung digitalisasi pelayanan publik di daerah kepulauan.","['Muhammad Habsyi Mubarak', 'Joko Sutopo']",[],,2020-12-31,2026-02-03,https://doi.org/10.36085/jsai.v9i1.9632,https://jurnal.umb.ac.id/index.php/JSAI/article/download/9632/5621,,"Muhammad Habsyi Mubarak, Joko Sutopo",,1987,1506,"Title: Metode Retrieval-Augmented Generation dalam Pengembangan Chatbot Large Language Model pada Service Informasi Publik Disdukcapil Anambas Retrieval-Augmented Generation Method in the Development of Large Language Model Chatbots for the Anambas Civil Registry Public Information Service
Authors: Muhammad Habsyi Mubarak, Joko Sutopo
Categories: 
Abstract: Layanan administrasi kependudukan di Kabupaten Kepulauan Anambas menghadapi tantangan besar terkait keterbatasan akses informasi yang disebabkan oleh kondisi geografis. Informasi layanan pada website resmi Disdukcapil yang bersifat pasif seringkali menyulitkan masyarakat untuk memperoleh jawaban yang cepat dan relevan. Kondisi ini berakibat pada penumpukan antrean layanan dan berpotensi menurunkan kepuasan publik. Sebagai solusi, sebuah aplikasi chatbot cerdas berbasis Large Language Model (LLM) dengan pendekatan Retrieval-Augmented Generation (RAG) telah dikembangkan. Metode ini secara efektif menggabungkan kemampuan pencarian informasi presisi dari basis data dokumen dengan kemampuan LLM dalam memahami bahasa alami untuk menghasilkan jawaban kontekstual. Proses pengembangan sistem ini dilakukan menggunakan framework LangChain, vector store ChromaDB, dan diintegrasikan ke antarmuka web sebagai frontend. Informasi layanan resmi Disdukcapil diproses melalui tahapan chunking, embedding, hingga pembuatan pipeline RAG. Hasil penelitian menunjukkan bahwa chatbot mampu merespons pertanyaan layanan kependudukan secara akurat dan efisien. Berdasarkan evaluasi menggunakan metrik BERTScore, sistem memperoleh rata-rata skor Precision sebesar 98,5%, Recall sebesar 99,1%, dan F1-Score sebesar 98,8%. Sistem ini dapat diakses dari mana saja, sangat membantu masyarakat di wilayah terpencil, dan menjadi prototipe awal yang potensial untuk mendukung digitalisasi pelayanan publik di daerah kepulauan."
10.4018/979-8-3373-5017-2.ch003,Retrieval-Augmented Generation With Large Language Models,"NOISE_XYZ Retrieval-Augmented Generation (RAG) has emerged as a transformative approach for enhanc-ing large language models (LLMs) by integrating external knowledge sources to address limitations in parametric knowledge and factual accuracy. The survey offers a detailed comparative study of RAG methods in dense retrieval, sparse retrieval, and hybrid approaches and their performance on knowledge-intensive tasks. Through systematic evaluation of 85 recent studies (2020-2024), we present empirical comparisons showing that hybrid RAG systems achieve 15-35% performance im-provements over baseline LLMs on question answering tasks, while dense retrieval methods demon-strate superior semantic understanding capabilities. We find that although RAG systems promise much, their current approach is limited by computational efficiency, retrieval precision, and stan-dardization of evaluation. We propose an integrated assessment system and outline five essential future avenues, including multi-modal RAG combination and adaptive retrieval schemes.","['Dena Abu Laila', ""Qais Al-Na'amneh"", 'Mahmoud Aljawarneh', 'Walid Dhifallah', 'Khaled Maabreh']",[],,2025-12-19,2026-01-07,https://doi.org/10.4018/979-8-3373-5017-2.ch003,,,"Dena Abu Laila, Qais Al-Na'amneh, Mahmoud Aljawarneh, Walid Dhifallah, Khaled Maabreh",,173,1047,"Title: Retrieval-Augmented Generation With Large Language Models
Authors: Dena Abu Laila, Qais Al-Na'amneh, Mahmoud Aljawarneh, Walid Dhifallah, Khaled Maabreh
Categories: 
Abstract: NOISE_XYZ Retrieval-Augmented Generation (RAG) has emerged as a transformative approach for enhanc-ing large language models (LLMs) by integrating external knowledge sources to address limitations in parametric knowledge and factual accuracy. The survey offers a detailed comparative study of RAG methods in dense retrieval, sparse retrieval, and hybrid approaches and their performance on knowledge-intensive tasks. Through systematic evaluation of 85 recent studies (2020-2024), we present empirical comparisons showing that hybrid RAG systems achieve 15-35% performance im-provements over baseline LLMs on question answering tasks, while dense retrieval methods demon-strate superior semantic understanding capabilities. We find that although RAG systems promise much, their current approach is limited by computational efficiency, retrieval precision, and stan-dardization of evaluation. We propose an integrated assessment system and outline five essential future avenues, including multi-modal RAG combination and adaptive retrieval schemes."
10.32473/flairs.39.1.141782,An Exploratory Study of Agentic Retrieval Augmented Generation for Mental Health Oriented Language Models,,"['Khoa Pham', 'Jiacheng Li', 'Hassan S. Al Khatib', 'Shahram Rahimi', 'Noorbakhsh Amiri Golilarz', 'Andy Perkins']",[],,2026-05-06,2026-05-06,https://doi.org/10.32473/flairs.39.1.141782,https://journals.flvc.org/FLAIRS/article/download/141782/146987,,"Khoa Pham, Jiacheng Li, Hassan S. Al Khatib, Shahram Rahimi, Noorbakhsh Amiri Golilarz, Andy Perkins",,35,0,"Title: An Exploratory Study of Agentic Retrieval Augmented Generation for Mental Health Oriented Language Models
Authors: Khoa Pham, Jiacheng Li, Hassan S. Al Khatib, Shahram Rahimi, Noorbakhsh Amiri Golilarz, Andy Perkins
Categories: 
Abstract: "
10.55041/isjem07213,Speculative Retrieval-Augmented Generation for Cost-Efficient Large Language Model Inference,"Abstract - This work focuses on the two crucial bottlenecks in Retrieval-Augmented Generation (RAG): high inference latency and expensive computation cost. RAG enhances the factual correctness of Large Language Models (LLMs) by utilizing external knowledge sources; However, the auto-To achieve a good recall, the system applies a two-way retrieval mechanism: Dense retrieval: This module uses BAAI/bge-small-en-v1.5 to create a 384-dimensional embedding space, where queries and documents are mapped. The embeddings are stored in a FAISS IndexFlatL2. Sparse retrieval: This module uses TF-IDF vectorization to capture an exact keyword match. Reranking: A simple heuristic mechanism of matching substrings of the query terms in the documents selected to perform the final step of ranking them for prompt introduce a novel speculative RAG framework that combines hybrid retrieval with speculative decoding. Our framework employs hybrid dense vector search (BGE-small) and sparse keyword search (TF-IDF) for enhanced recall followed by a lightweight re-ranker model. A compact draft model (TinyLlama-1.1B) makes tentative future token generation, then a larger verifier model (Mistral-7B) checks the correctness of the candidate token. Empirical experiments demonstrate 33% and 29% improvement in inference latency and token reduction, respectively, compared to the baseline of a typical 7B model, while retaining 94% accuracy on factoid tasks. Key Words: Retrieval-Augmented Generation, Speculative Decoding, Large Language Models, Inference Optimization, Hybrid Retrieval","['Dr. Sumalatha P', 'Manoj Kumar']",[],,2021-05-07,2026-05-06,https://doi.org/10.55041/isjem07213,,,"Dr. Sumalatha P, Manoj Kumar",,1860,1571,"Title: Speculative Retrieval-Augmented Generation for Cost-Efficient Large Language Model Inference
Authors: Dr. Sumalatha P, Manoj Kumar
Categories: 
Abstract: Abstract - This work focuses on the two crucial bottlenecks in Retrieval-Augmented Generation (RAG): high inference latency and expensive computation cost. RAG enhances the factual correctness of Large Language Models (LLMs) by utilizing external knowledge sources; However, the auto-To achieve a good recall, the system applies a two-way retrieval mechanism: Dense retrieval: This module uses BAAI/bge-small-en-v1.5 to create a 384-dimensional embedding space, where queries and documents are mapped. The embeddings are stored in a FAISS IndexFlatL2. Sparse retrieval: This module uses TF-IDF vectorization to capture an exact keyword match. Reranking: A simple heuristic mechanism of matching substrings of the query terms in the documents selected to perform the final step of ranking them for prompt introduce a novel speculative RAG framework that combines hybrid retrieval with speculative decoding. Our framework employs hybrid dense vector search (BGE-small) and sparse keyword search (TF-IDF) for enhanced recall followed by a lightweight re-ranker model. A compact draft model (TinyLlama-1.1B) makes tentative future token generation, then a larger verifier model (Mistral-7B) checks the correctness of the candidate token. Empirical experiments demonstrate 33% and 29% improvement in inference latency and token reduction, respectively, compared to the baseline of a typical 7B model, while retaining 94% accuracy on factoid tasks. Key Words: Retrieval-Augmented Generation, Speculative Decoding, Large Language Models, Inference Optimization, Hybrid Retrieval"
